"0","#| warning: false"
"0","require(dplyr)"
"0","require(janitor)"
"0","require(fastDummies)"
"0","require(missMethods)"
"0","require(tidymodels)"
"0","require(recipeselectors)"
"2","G3;Loading required package: recipeselectors
g"
"0","require(parsnip)"
"0","require(yardstick)"
"0","require(vip)"
"0","require(ggplot2)"
"0","require(treeshap)"
"0","require(shapviz)"
"0","require(kernelshap)"
"0","require(dcurves)"
"0","require(knitr)"
"0","require(tableone)"
"0","require(SuperLearner)"
"0","require(caret)"
"0","require(MLmetrics)"
"0","require(splitstackshape)"
"0","require(RhpcBLASctl)"
"0","require(xgboost)"
"0","require(betacal)"
"0","require(mlbench)"
"0","require(givitiR)"
"0","require(ggpubr)"
